"","date","hits","keyword","geo","time","gprop","category"
"1",2016-01-01,0,"BOA running shoes","US","2016-01-01 2021-09-21","web",0
"2",2016-02-01,0,"BOA running shoes","US","2016-01-01 2021-09-21","web",0
"3",2016-03-01,0,"BOA running shoes","US","2016-01-01 2021-09-21","web",0
"4",2016-04-01,0,"BOA running shoes","US","2016-01-01 2021-09-21","web",0
"5",2016-05-01,23,"BOA running shoes","US","2016-01-01 2021-09-21","web",0
"6",2016-06-01,24,"BOA running shoes","US","2016-01-01 2021-09-21","web",0
"7",2016-07-01,0,"BOA running shoes","US","2016-01-01 2021-09-21","web",0
"8",2016-08-01,0,"BOA running shoes","US","2016-01-01 2021-09-21","web",0
"9",2016-09-01,0,"BOA running shoes","US","2016-01-01 2021-09-21","web",0
"10",2016-10-01,22,"BOA running shoes","US","2016-01-01 2021-09-21","web",0
"11",2016-11-01,0,"BOA running shoes","US","2016-01-01 2021-09-21","web",0
"12",2016-12-01,21,"BOA running shoes","US","2016-01-01 2021-09-21","web",0
"13",2017-01-01,0,"BOA running shoes","US","2016-01-01 2021-09-21","web",0
"14",2017-02-01,22,"BOA running shoes","US","2016-01-01 2021-09-21","web",0
"15",2017-03-01,0,"BOA running shoes","US","2016-01-01 2021-09-21","web",0
"16",2017-04-01,21,"BOA running shoes","US","2016-01-01 2021-09-21","web",0
"17",2017-05-01,0,"BOA running shoes","US","2016-01-01 2021-09-21","web",0
"18",2017-06-01,22,"BOA running shoes","US","2016-01-01 2021-09-21","web",0
"19",2017-07-01,23,"BOA running shoes","US","2016-01-01 2021-09-21","web",0
"20",2017-08-01,21,"BOA running shoes","US","2016-01-01 2021-09-21","web",0
"21",2017-09-01,0,"BOA running shoes","US","2016-01-01 2021-09-21","web",0
"22",2017-10-01,20,"BOA running shoes","US","2016-01-01 2021-09-21","web",0
"23",2017-11-01,0,"BOA running shoes","US","2016-01-01 2021-09-21","web",0
"24",2017-12-01,0,"BOA running shoes","US","2016-01-01 2021-09-21","web",0
"25",2018-01-01,60,"BOA running shoes","US","2016-01-01 2021-09-21","web",0
"26",2018-02-01,0,"BOA running shoes","US","2016-01-01 2021-09-21","web",0
"27",2018-03-01,0,"BOA running shoes","US","2016-01-01 2021-09-21","web",0
"28",2018-04-01,0,"BOA running shoes","US","2016-01-01 2021-09-21","web",0
"29",2018-05-01,60,"BOA running shoes","US","2016-01-01 2021-09-21","web",0
"30",2018-06-01,43,"BOA running shoes","US","2016-01-01 2021-09-21","web",0
"31",2018-07-01,0,"BOA running shoes","US","2016-01-01 2021-09-21","web",0
"32",2018-08-01,41,"BOA running shoes","US","2016-01-01 2021-09-21","web",0
"33",2018-09-01,21,"BOA running shoes","US","2016-01-01 2021-09-21","web",0
"34",2018-10-01,0,"BOA running shoes","US","2016-01-01 2021-09-21","web",0
"35",2018-11-01,20,"BOA running shoes","US","2016-01-01 2021-09-21","web",0
"36",2018-12-01,0,"BOA running shoes","US","2016-01-01 2021-09-21","web",0
"37",2019-01-01,20,"BOA running shoes","US","2016-01-01 2021-09-21","web",0
"38",2019-02-01,0,"BOA running shoes","US","2016-01-01 2021-09-21","web",0
"39",2019-03-01,39,"BOA running shoes","US","2016-01-01 2021-09-21","web",0
"40",2019-04-01,21,"BOA running shoes","US","2016-01-01 2021-09-21","web",0
"41",2019-05-01,40,"BOA running shoes","US","2016-01-01 2021-09-21","web",0
"42",2019-06-01,0,"BOA running shoes","US","2016-01-01 2021-09-21","web",0
"43",2019-07-01,21,"BOA running shoes","US","2016-01-01 2021-09-21","web",0
"44",2019-08-01,0,"BOA running shoes","US","2016-01-01 2021-09-21","web",0
"45",2019-09-01,0,"BOA running shoes","US","2016-01-01 2021-09-21","web",0
"46",2019-10-01,18,"BOA running shoes","US","2016-01-01 2021-09-21","web",0
"47",2019-11-01,38,"BOA running shoes","US","2016-01-01 2021-09-21","web",0
"48",2019-12-01,38,"BOA running shoes","US","2016-01-01 2021-09-21","web",0
"49",2020-01-01,18,"BOA running shoes","US","2016-01-01 2021-09-21","web",0
"50",2020-02-01,37,"BOA running shoes","US","2016-01-01 2021-09-21","web",0
"51",2020-03-01,49,"BOA running shoes","US","2016-01-01 2021-09-21","web",0
"52",2020-04-01,48,"BOA running shoes","US","2016-01-01 2021-09-21","web",0
"53",2020-05-01,48,"BOA running shoes","US","2016-01-01 2021-09-21","web",0
"54",2020-06-01,34,"BOA running shoes","US","2016-01-01 2021-09-21","web",0
"55",2020-07-01,35,"BOA running shoes","US","2016-01-01 2021-09-21","web",0
"56",2020-08-01,0,"BOA running shoes","US","2016-01-01 2021-09-21","web",0
"57",2020-09-01,17,"BOA running shoes","US","2016-01-01 2021-09-21","web",0
"58",2020-10-01,19,"BOA running shoes","US","2016-01-01 2021-09-21","web",0
"59",2020-11-01,0,"BOA running shoes","US","2016-01-01 2021-09-21","web",0
"60",2020-12-01,77,"BOA running shoes","US","2016-01-01 2021-09-21","web",0
"61",2021-01-01,0,"BOA running shoes","US","2016-01-01 2021-09-21","web",0
"62",2021-02-01,42,"BOA running shoes","US","2016-01-01 2021-09-21","web",0
"63",2021-03-01,37,"BOA running shoes","US","2016-01-01 2021-09-21","web",0
"64",2021-04-01,0,"BOA running shoes","US","2016-01-01 2021-09-21","web",0
"65",2021-05-01,19,"BOA running shoes","US","2016-01-01 2021-09-21","web",0
"66",2021-06-01,20,"BOA running shoes","US","2016-01-01 2021-09-21","web",0
"67",2021-07-01,20,"BOA running shoes","US","2016-01-01 2021-09-21","web",0
"68",2021-08-01,59,"BOA running shoes","US","2016-01-01 2021-09-21","web",0
"69",2021-09-01,100,"BOA running shoes","US","2016-01-01 2021-09-21","web",0
"70",2016-01-01,11,"BOA running","US","2016-01-01 2021-09-21","web",0
"71",2016-02-01,23,"BOA running","US","2016-01-01 2021-09-21","web",0
"72",2016-03-01,11,"BOA running","US","2016-01-01 2021-09-21","web",0
"73",2016-04-01,68,"BOA running","US","2016-01-01 2021-09-21","web",0
"74",2016-05-01,22,"BOA running","US","2016-01-01 2021-09-21","web",0
"75",2016-06-01,47,"BOA running","US","2016-01-01 2021-09-21","web",0
"76",2016-07-01,12,"BOA running","US","2016-01-01 2021-09-21","web",0
"77",2016-08-01,47,"BOA running","US","2016-01-01 2021-09-21","web",0
"78",2016-09-01,68,"BOA running","US","2016-01-01 2021-09-21","web",0
"79",2016-10-01,33,"BOA running","US","2016-01-01 2021-09-21","web",0
"80",2016-11-01,55,"BOA running","US","2016-01-01 2021-09-21","web",0
"81",2016-12-01,52,"BOA running","US","2016-01-01 2021-09-21","web",0
"82",2017-01-01,20,"BOA running","US","2016-01-01 2021-09-21","web",0
"83",2017-02-01,33,"BOA running","US","2016-01-01 2021-09-21","web",0
"84",2017-03-01,29,"BOA running","US","2016-01-01 2021-09-21","web",0
"85",2017-04-01,63,"BOA running","US","2016-01-01 2021-09-21","web",0
"86",2017-05-01,72,"BOA running","US","2016-01-01 2021-09-21","web",0
"87",2017-06-01,88,"BOA running","US","2016-01-01 2021-09-21","web",0
"88",2017-07-01,66,"BOA running","US","2016-01-01 2021-09-21","web",0
"89",2017-08-01,62,"BOA running","US","2016-01-01 2021-09-21","web",0
"90",2017-09-01,72,"BOA running","US","2016-01-01 2021-09-21","web",0
"91",2017-10-01,20,"BOA running","US","2016-01-01 2021-09-21","web",0
"92",2017-11-01,41,"BOA running","US","2016-01-01 2021-09-21","web",0
"93",2017-12-01,31,"BOA running","US","2016-01-01 2021-09-21","web",0
"94",2018-01-01,58,"BOA running","US","2016-01-01 2021-09-21","web",0
"95",2018-02-01,52,"BOA running","US","2016-01-01 2021-09-21","web",0
"96",2018-03-01,96,"BOA running","US","2016-01-01 2021-09-21","web",0
"97",2018-04-01,49,"BOA running","US","2016-01-01 2021-09-21","web",0
"98",2018-05-01,59,"BOA running","US","2016-01-01 2021-09-21","web",0
"99",2018-06-01,52,"BOA running","US","2016-01-01 2021-09-21","web",0
"100",2018-07-01,20,"BOA running","US","2016-01-01 2021-09-21","web",0
"101",2018-08-01,50,"BOA running","US","2016-01-01 2021-09-21","web",0
"102",2018-09-01,71,"BOA running","US","2016-01-01 2021-09-21","web",0
"103",2018-10-01,30,"BOA running","US","2016-01-01 2021-09-21","web",0
"104",2018-11-01,60,"BOA running","US","2016-01-01 2021-09-21","web",0
"105",2018-12-01,50,"BOA running","US","2016-01-01 2021-09-21","web",0
"106",2019-01-01,49,"BOA running","US","2016-01-01 2021-09-21","web",0
"107",2019-02-01,41,"BOA running","US","2016-01-01 2021-09-21","web",0
"108",2019-03-01,77,"BOA running","US","2016-01-01 2021-09-21","web",0
"109",2019-04-01,81,"BOA running","US","2016-01-01 2021-09-21","web",0
"110",2019-05-01,78,"BOA running","US","2016-01-01 2021-09-21","web",0
"111",2019-06-01,31,"BOA running","US","2016-01-01 2021-09-21","web",0
"112",2019-07-01,40,"BOA running","US","2016-01-01 2021-09-21","web",0
"113",2019-08-01,79,"BOA running","US","2016-01-01 2021-09-21","web",0
"114",2019-09-01,76,"BOA running","US","2016-01-01 2021-09-21","web",0
"115",2019-10-01,89,"BOA running","US","2016-01-01 2021-09-21","web",0
"116",2019-11-01,74,"BOA running","US","2016-01-01 2021-09-21","web",0
"117",2019-12-01,65,"BOA running","US","2016-01-01 2021-09-21","web",0
"118",2020-01-01,26,"BOA running","US","2016-01-01 2021-09-21","web",0
"119",2020-02-01,18,"BOA running","US","2016-01-01 2021-09-21","web",0
"120",2020-03-01,72,"BOA running","US","2016-01-01 2021-09-21","web",0
"121",2020-04-01,78,"BOA running","US","2016-01-01 2021-09-21","web",0
"122",2020-05-01,31,"BOA running","US","2016-01-01 2021-09-21","web",0
"123",2020-06-01,91,"BOA running","US","2016-01-01 2021-09-21","web",0
"124",2020-07-01,59,"BOA running","US","2016-01-01 2021-09-21","web",0
"125",2020-08-01,50,"BOA running","US","2016-01-01 2021-09-21","web",0
"126",2020-09-01,50,"BOA running","US","2016-01-01 2021-09-21","web",0
"127",2020-10-01,28,"BOA running","US","2016-01-01 2021-09-21","web",0
"128",2020-11-01,82,"BOA running","US","2016-01-01 2021-09-21","web",0
"129",2020-12-01,38,"BOA running","US","2016-01-01 2021-09-21","web",0
"130",2021-01-01,9,"BOA running","US","2016-01-01 2021-09-21","web",0
"131",2021-02-01,61,"BOA running","US","2016-01-01 2021-09-21","web",0
"132",2021-03-01,100,"BOA running","US","2016-01-01 2021-09-21","web",0
"133",2021-04-01,39,"BOA running","US","2016-01-01 2021-09-21","web",0
"134",2021-05-01,95,"BOA running","US","2016-01-01 2021-09-21","web",0
"135",2021-06-01,49,"BOA running","US","2016-01-01 2021-09-21","web",0
"136",2021-07-01,57,"BOA running","US","2016-01-01 2021-09-21","web",0
"137",2021-08-01,57,"BOA running","US","2016-01-01 2021-09-21","web",0
"138",2021-09-01,32,"BOA running","US","2016-01-01 2021-09-21","web",0
"139",2016-01-01,17,"BOA dial","US","2016-01-01 2021-09-21","web",0
"140",2016-02-01,18,"BOA dial","US","2016-01-01 2021-09-21","web",0
"141",2016-03-01,0,"BOA dial","US","2016-01-01 2021-09-21","web",0
"142",2016-04-01,0,"BOA dial","US","2016-01-01 2021-09-21","web",0
"143",2016-05-01,34,"BOA dial","US","2016-01-01 2021-09-21","web",0
"144",2016-06-01,18,"BOA dial","US","2016-01-01 2021-09-21","web",0
"145",2016-07-01,36,"BOA dial","US","2016-01-01 2021-09-21","web",0
"146",2016-08-01,18,"BOA dial","US","2016-01-01 2021-09-21","web",0
"147",2016-09-01,0,"BOA dial","US","2016-01-01 2021-09-21","web",0
"148",2016-10-01,17,"BOA dial","US","2016-01-01 2021-09-21","web",0
"149",2016-11-01,68,"BOA dial","US","2016-01-01 2021-09-21","web",0
"150",2016-12-01,16,"BOA dial","US","2016-01-01 2021-09-21","web",0
"151",2017-01-01,0,"BOA dial","US","2016-01-01 2021-09-21","web",0
"152",2017-02-01,17,"BOA dial","US","2016-01-01 2021-09-21","web",0
"153",2017-03-01,45,"BOA dial","US","2016-01-01 2021-09-21","web",0
"154",2017-04-01,0,"BOA dial","US","2016-01-01 2021-09-21","web",0
"155",2017-05-01,32,"BOA dial","US","2016-01-01 2021-09-21","web",0
"156",2017-06-01,17,"BOA dial","US","2016-01-01 2021-09-21","web",0
"157",2017-07-01,0,"BOA dial","US","2016-01-01 2021-09-21","web",0
"158",2017-08-01,0,"BOA dial","US","2016-01-01 2021-09-21","web",0
"159",2017-09-01,16,"BOA dial","US","2016-01-01 2021-09-21","web",0
"160",2017-10-01,0,"BOA dial","US","2016-01-01 2021-09-21","web",0
"161",2017-11-01,0,"BOA dial","US","2016-01-01 2021-09-21","web",0
"162",2017-12-01,16,"BOA dial","US","2016-01-01 2021-09-21","web",0
"163",2018-01-01,30,"BOA dial","US","2016-01-01 2021-09-21","web",0
"164",2018-02-01,0,"BOA dial","US","2016-01-01 2021-09-21","web",0
"165",2018-03-01,29,"BOA dial","US","2016-01-01 2021-09-21","web",0
"166",2018-04-01,0,"BOA dial","US","2016-01-01 2021-09-21","web",0
"167",2018-05-01,15,"BOA dial","US","2016-01-01 2021-09-21","web",0
"168",2018-06-01,32,"BOA dial","US","2016-01-01 2021-09-21","web",0
"169",2018-07-01,0,"BOA dial","US","2016-01-01 2021-09-21","web",0
"170",2018-08-01,0,"BOA dial","US","2016-01-01 2021-09-21","web",0
"171",2018-09-01,0,"BOA dial","US","2016-01-01 2021-09-21","web",0
"172",2018-10-01,30,"BOA dial","US","2016-01-01 2021-09-21","web",0
"173",2018-11-01,0,"BOA dial","US","2016-01-01 2021-09-21","web",0
"174",2018-12-01,0,"BOA dial","US","2016-01-01 2021-09-21","web",0
"175",2019-01-01,45,"BOA dial","US","2016-01-01 2021-09-21","web",0
"176",2019-02-01,0,"BOA dial","US","2016-01-01 2021-09-21","web",0
"177",2019-03-01,0,"BOA dial","US","2016-01-01 2021-09-21","web",0
"178",2019-04-01,0,"BOA dial","US","2016-01-01 2021-09-21","web",0
"179",2019-05-01,15,"BOA dial","US","2016-01-01 2021-09-21","web",0
"180",2019-06-01,0,"BOA dial","US","2016-01-01 2021-09-21","web",0
"181",2019-07-01,0,"BOA dial","US","2016-01-01 2021-09-21","web",0
"182",2019-08-01,45,"BOA dial","US","2016-01-01 2021-09-21","web",0
"183",2019-09-01,0,"BOA dial","US","2016-01-01 2021-09-21","web",0
"184",2019-10-01,55,"BOA dial","US","2016-01-01 2021-09-21","web",0
"185",2019-11-01,0,"BOA dial","US","2016-01-01 2021-09-21","web",0
"186",2019-12-01,14,"BOA dial","US","2016-01-01 2021-09-21","web",0
"187",2020-01-01,0,"BOA dial","US","2016-01-01 2021-09-21","web",0
"188",2020-02-01,28,"BOA dial","US","2016-01-01 2021-09-21","web",0
"189",2020-03-01,0,"BOA dial","US","2016-01-01 2021-09-21","web",0
"190",2020-04-01,12,"BOA dial","US","2016-01-01 2021-09-21","web",0
"191",2020-05-01,12,"BOA dial","US","2016-01-01 2021-09-21","web",0
"192",2020-06-01,0,"BOA dial","US","2016-01-01 2021-09-21","web",0
"193",2020-07-01,13,"BOA dial","US","2016-01-01 2021-09-21","web",0
"194",2020-08-01,51,"BOA dial","US","2016-01-01 2021-09-21","web",0
"195",2020-09-01,13,"BOA dial","US","2016-01-01 2021-09-21","web",0
"196",2020-10-01,14,"BOA dial","US","2016-01-01 2021-09-21","web",0
"197",2020-11-01,0,"BOA dial","US","2016-01-01 2021-09-21","web",0
"198",2020-12-01,58,"BOA dial","US","2016-01-01 2021-09-21","web",0
"199",2021-01-01,0,"BOA dial","US","2016-01-01 2021-09-21","web",0
"200",2021-02-01,31,"BOA dial","US","2016-01-01 2021-09-21","web",0
"201",2021-03-01,0,"BOA dial","US","2016-01-01 2021-09-21","web",0
"202",2021-04-01,0,"BOA dial","US","2016-01-01 2021-09-21","web",0
"203",2021-05-01,29,"BOA dial","US","2016-01-01 2021-09-21","web",0
"204",2021-06-01,45,"BOA dial","US","2016-01-01 2021-09-21","web",0
"205",2021-07-01,15,"BOA dial","US","2016-01-01 2021-09-21","web",0
"206",2021-08-01,29,"BOA dial","US","2016-01-01 2021-09-21","web",0
"207",2021-09-01,100,"BOA dial","US","2016-01-01 2021-09-21","web",0
"208",2016-01-01,17,"BOA lace","US","2016-01-01 2021-09-21","web",0
"209",2016-02-01,35,"BOA lace","US","2016-01-01 2021-09-21","web",0
"210",2016-03-01,8,"BOA lace","US","2016-01-01 2021-09-21","web",0
"211",2016-04-01,26,"BOA lace","US","2016-01-01 2021-09-21","web",0
"212",2016-05-01,34,"BOA lace","US","2016-01-01 2021-09-21","web",0
"213",2016-06-01,9,"BOA lace","US","2016-01-01 2021-09-21","web",0
"214",2016-07-01,9,"BOA lace","US","2016-01-01 2021-09-21","web",0
"215",2016-08-01,0,"BOA lace","US","2016-01-01 2021-09-21","web",0
"216",2016-09-01,9,"BOA lace","US","2016-01-01 2021-09-21","web",0
"217",2016-10-01,8,"BOA lace","US","2016-01-01 2021-09-21","web",0
"218",2016-11-01,34,"BOA lace","US","2016-01-01 2021-09-21","web",0
"219",2016-12-01,40,"BOA lace","US","2016-01-01 2021-09-21","web",0
"220",2017-01-01,23,"BOA lace","US","2016-01-01 2021-09-21","web",0
"221",2017-02-01,25,"BOA lace","US","2016-01-01 2021-09-21","web",0
"222",2017-03-01,22,"BOA lace","US","2016-01-01 2021-09-21","web",0
"223",2017-04-01,8,"BOA lace","US","2016-01-01 2021-09-21","web",0
"224",2017-05-01,32,"BOA lace","US","2016-01-01 2021-09-21","web",0
"225",2017-06-01,8,"BOA lace","US","2016-01-01 2021-09-21","web",0
"226",2017-07-01,0,"BOA lace","US","2016-01-01 2021-09-21","web",0
"227",2017-08-01,48,"BOA lace","US","2016-01-01 2021-09-21","web",0
"228",2017-09-01,24,"BOA lace","US","2016-01-01 2021-09-21","web",0
"229",2017-10-01,8,"BOA lace","US","2016-01-01 2021-09-21","web",0
"230",2017-11-01,23,"BOA lace","US","2016-01-01 2021-09-21","web",0
"231",2017-12-01,8,"BOA lace","US","2016-01-01 2021-09-21","web",0
"232",2018-01-01,45,"BOA lace","US","2016-01-01 2021-09-21","web",0
"233",2018-02-01,16,"BOA lace","US","2016-01-01 2021-09-21","web",0
"234",2018-03-01,37,"BOA lace","US","2016-01-01 2021-09-21","web",0
"235",2018-04-01,30,"BOA lace","US","2016-01-01 2021-09-21","web",0
"236",2018-05-01,30,"BOA lace","US","2016-01-01 2021-09-21","web",0
"237",2018-06-01,24,"BOA lace","US","2016-01-01 2021-09-21","web",0
"238",2018-07-01,0,"BOA lace","US","2016-01-01 2021-09-21","web",0
"239",2018-08-01,31,"BOA lace","US","2016-01-01 2021-09-21","web",0
"240",2018-09-01,31,"BOA lace","US","2016-01-01 2021-09-21","web",0
"241",2018-10-01,30,"BOA lace","US","2016-01-01 2021-09-21","web",0
"242",2018-11-01,69,"BOA lace","US","2016-01-01 2021-09-21","web",0
"243",2018-12-01,31,"BOA lace","US","2016-01-01 2021-09-21","web",0
"244",2019-01-01,67,"BOA lace","US","2016-01-01 2021-09-21","web",0
"245",2019-02-01,23,"BOA lace","US","2016-01-01 2021-09-21","web",0
"246",2019-03-01,44,"BOA lace","US","2016-01-01 2021-09-21","web",0
"247",2019-04-01,47,"BOA lace","US","2016-01-01 2021-09-21","web",0
"248",2019-05-01,15,"BOA lace","US","2016-01-01 2021-09-21","web",0
"249",2019-06-01,24,"BOA lace","US","2016-01-01 2021-09-21","web",0
"250",2019-07-01,16,"BOA lace","US","2016-01-01 2021-09-21","web",0
"251",2019-08-01,30,"BOA lace","US","2016-01-01 2021-09-21","web",0
"252",2019-09-01,36,"BOA lace","US","2016-01-01 2021-09-21","web",0
"253",2019-10-01,21,"BOA lace","US","2016-01-01 2021-09-21","web",0
"254",2019-11-01,64,"BOA lace","US","2016-01-01 2021-09-21","web",0
"255",2019-12-01,36,"BOA lace","US","2016-01-01 2021-09-21","web",0
"256",2020-01-01,27,"BOA lace","US","2016-01-01 2021-09-21","web",0
"257",2020-02-01,28,"BOA lace","US","2016-01-01 2021-09-21","web",0
"258",2020-03-01,6,"BOA lace","US","2016-01-01 2021-09-21","web",0
"259",2020-04-01,12,"BOA lace","US","2016-01-01 2021-09-21","web",0
"260",2020-05-01,12,"BOA lace","US","2016-01-01 2021-09-21","web",0
"261",2020-06-01,57,"BOA lace","US","2016-01-01 2021-09-21","web",0
"262",2020-07-01,0,"BOA lace","US","2016-01-01 2021-09-21","web",0
"263",2020-08-01,32,"BOA lace","US","2016-01-01 2021-09-21","web",0
"264",2020-09-01,26,"BOA lace","US","2016-01-01 2021-09-21","web",0
"265",2020-10-01,21,"BOA lace","US","2016-01-01 2021-09-21","web",0
"266",2020-11-01,49,"BOA lace","US","2016-01-01 2021-09-21","web",0
"267",2020-12-01,58,"BOA lace","US","2016-01-01 2021-09-21","web",0
"268",2021-01-01,49,"BOA lace","US","2016-01-01 2021-09-21","web",0
"269",2021-02-01,63,"BOA lace","US","2016-01-01 2021-09-21","web",0
"270",2021-03-01,49,"BOA lace","US","2016-01-01 2021-09-21","web",0
"271",2021-04-01,15,"BOA lace","US","2016-01-01 2021-09-21","web",0
"272",2021-05-01,44,"BOA lace","US","2016-01-01 2021-09-21","web",0
"273",2021-06-01,23,"BOA lace","US","2016-01-01 2021-09-21","web",0
"274",2021-07-01,37,"BOA lace","US","2016-01-01 2021-09-21","web",0
"275",2021-08-01,59,"BOA lace","US","2016-01-01 2021-09-21","web",0
"276",2021-09-01,100,"BOA lace","US","2016-01-01 2021-09-21","web",0
"277",2016-01-01,39,"BOA laces","US","2016-01-01 2021-09-21","web",0
"278",2016-02-01,13,"BOA laces","US","2016-01-01 2021-09-21","web",0
"279",2016-03-01,0,"BOA laces","US","2016-01-01 2021-09-21","web",0
"280",2016-04-01,0,"BOA laces","US","2016-01-01 2021-09-21","web",0
"281",2016-05-01,26,"BOA laces","US","2016-01-01 2021-09-21","web",0
"282",2016-06-01,28,"BOA laces","US","2016-01-01 2021-09-21","web",0
"283",2016-07-01,14,"BOA laces","US","2016-01-01 2021-09-21","web",0
"284",2016-08-01,28,"BOA laces","US","2016-01-01 2021-09-21","web",0
"285",2016-09-01,13,"BOA laces","US","2016-01-01 2021-09-21","web",0
"286",2016-10-01,0,"BOA laces","US","2016-01-01 2021-09-21","web",0
"287",2016-11-01,0,"BOA laces","US","2016-01-01 2021-09-21","web",0
"288",2016-12-01,12,"BOA laces","US","2016-01-01 2021-09-21","web",0
"289",2017-01-01,24,"BOA laces","US","2016-01-01 2021-09-21","web",0
"290",2017-02-01,25,"BOA laces","US","2016-01-01 2021-09-21","web",0
"291",2017-03-01,23,"BOA laces","US","2016-01-01 2021-09-21","web",0
"292",2017-04-01,49,"BOA laces","US","2016-01-01 2021-09-21","web",0
"293",2017-05-01,36,"BOA laces","US","2016-01-01 2021-09-21","web",0
"294",2017-06-01,13,"BOA laces","US","2016-01-01 2021-09-21","web",0
"295",2017-07-01,26,"BOA laces","US","2016-01-01 2021-09-21","web",0
"296",2017-08-01,0,"BOA laces","US","2016-01-01 2021-09-21","web",0
"297",2017-09-01,12,"BOA laces","US","2016-01-01 2021-09-21","web",0
"298",2017-10-01,23,"BOA laces","US","2016-01-01 2021-09-21","web",0
"299",2017-11-01,0,"BOA laces","US","2016-01-01 2021-09-21","web",0
"300",2017-12-01,36,"BOA laces","US","2016-01-01 2021-09-21","web",0
"301",2018-01-01,23,"BOA laces","US","2016-01-01 2021-09-21","web",0
"302",2018-02-01,12,"BOA laces","US","2016-01-01 2021-09-21","web",0
"303",2018-03-01,45,"BOA laces","US","2016-01-01 2021-09-21","web",0
"304",2018-04-01,23,"BOA laces","US","2016-01-01 2021-09-21","web",0
"305",2018-05-01,69,"BOA laces","US","2016-01-01 2021-09-21","web",0
"306",2018-06-01,0,"BOA laces","US","2016-01-01 2021-09-21","web",0
"307",2018-07-01,0,"BOA laces","US","2016-01-01 2021-09-21","web",0
"308",2018-08-01,24,"BOA laces","US","2016-01-01 2021-09-21","web",0
"309",2018-09-01,24,"BOA laces","US","2016-01-01 2021-09-21","web",0
"310",2018-10-01,58,"BOA laces","US","2016-01-01 2021-09-21","web",0
"311",2018-11-01,70,"BOA laces","US","2016-01-01 2021-09-21","web",0
"312",2018-12-01,59,"BOA laces","US","2016-01-01 2021-09-21","web",0
"313",2019-01-01,79,"BOA laces","US","2016-01-01 2021-09-21","web",0
"314",2019-02-01,36,"BOA laces","US","2016-01-01 2021-09-21","web",0
"315",2019-03-01,34,"BOA laces","US","2016-01-01 2021-09-21","web",0
"316",2019-04-01,12,"BOA laces","US","2016-01-01 2021-09-21","web",0
"317",2019-05-01,11,"BOA laces","US","2016-01-01 2021-09-21","web",0
"318",2019-06-01,12,"BOA laces","US","2016-01-01 2021-09-21","web",0
"319",2019-07-01,12,"BOA laces","US","2016-01-01 2021-09-21","web",0
"320",2019-08-01,46,"BOA laces","US","2016-01-01 2021-09-21","web",0
"321",2019-09-01,22,"BOA laces","US","2016-01-01 2021-09-21","web",0
"322",2019-10-01,31,"BOA laces","US","2016-01-01 2021-09-21","web",0
"323",2019-11-01,54,"BOA laces","US","2016-01-01 2021-09-21","web",0
"324",2019-12-01,65,"BOA laces","US","2016-01-01 2021-09-21","web",0
"325",2020-01-01,40,"BOA laces","US","2016-01-01 2021-09-21","web",0
"326",2020-02-01,32,"BOA laces","US","2016-01-01 2021-09-21","web",0
"327",2020-03-01,94,"BOA laces","US","2016-01-01 2021-09-21","web",0
"328",2020-04-01,18,"BOA laces","US","2016-01-01 2021-09-21","web",0
"329",2020-05-01,90,"BOA laces","US","2016-01-01 2021-09-21","web",0
"330",2020-06-01,48,"BOA laces","US","2016-01-01 2021-09-21","web",0
"331",2020-07-01,30,"BOA laces","US","2016-01-01 2021-09-21","web",0
"332",2020-08-01,39,"BOA laces","US","2016-01-01 2021-09-21","web",0
"333",2020-09-01,48,"BOA laces","US","2016-01-01 2021-09-21","web",0
"334",2020-10-01,22,"BOA laces","US","2016-01-01 2021-09-21","web",0
"335",2020-11-01,32,"BOA laces","US","2016-01-01 2021-09-21","web",0
"336",2020-12-01,33,"BOA laces","US","2016-01-01 2021-09-21","web",0
"337",2021-01-01,42,"BOA laces","US","2016-01-01 2021-09-21","web",0
"338",2021-02-01,48,"BOA laces","US","2016-01-01 2021-09-21","web",0
"339",2021-03-01,21,"BOA laces","US","2016-01-01 2021-09-21","web",0
"340",2021-04-01,34,"BOA laces","US","2016-01-01 2021-09-21","web",0
"341",2021-05-01,100,"BOA laces","US","2016-01-01 2021-09-21","web",0
"342",2021-06-01,80,"BOA laces","US","2016-01-01 2021-09-21","web",0
"343",2021-07-01,45,"BOA laces","US","2016-01-01 2021-09-21","web",0
"344",2021-08-01,22,"BOA laces","US","2016-01-01 2021-09-21","web",0
"345",2021-09-01,38,"BOA laces","US","2016-01-01 2021-09-21","web",0
"346",2016-01-01,27,"BOA trail","US","2016-01-01 2021-09-21","web",0
"347",2016-02-01,0,"BOA trail","US","2016-01-01 2021-09-21","web",0
"348",2016-03-01,27,"BOA trail","US","2016-01-01 2021-09-21","web",0
"349",2016-04-01,0,"BOA trail","US","2016-01-01 2021-09-21","web",0
"350",2016-05-01,27,"BOA trail","US","2016-01-01 2021-09-21","web",0
"351",2016-06-01,29,"BOA trail","US","2016-01-01 2021-09-21","web",0
"352",2016-07-01,29,"BOA trail","US","2016-01-01 2021-09-21","web",0
"353",2016-08-01,0,"BOA trail","US","2016-01-01 2021-09-21","web",0
"354",2016-09-01,28,"BOA trail","US","2016-01-01 2021-09-21","web",0
"355",2016-10-01,0,"BOA trail","US","2016-01-01 2021-09-21","web",0
"356",2016-11-01,0,"BOA trail","US","2016-01-01 2021-09-21","web",0
"357",2016-12-01,26,"BOA trail","US","2016-01-01 2021-09-21","web",0
"358",2017-01-01,50,"BOA trail","US","2016-01-01 2021-09-21","web",0
"359",2017-02-01,0,"BOA trail","US","2016-01-01 2021-09-21","web",0
"360",2017-03-01,24,"BOA trail","US","2016-01-01 2021-09-21","web",0
"361",2017-04-01,0,"BOA trail","US","2016-01-01 2021-09-21","web",0
"362",2017-05-01,0,"BOA trail","US","2016-01-01 2021-09-21","web",0
"363",2017-06-01,0,"BOA trail","US","2016-01-01 2021-09-21","web",0
"364",2017-07-01,27,"BOA trail","US","2016-01-01 2021-09-21","web",0
"365",2017-08-01,51,"BOA trail","US","2016-01-01 2021-09-21","web",0
"366",2017-09-01,51,"BOA trail","US","2016-01-01 2021-09-21","web",0
"367",2017-10-01,24,"BOA trail","US","2016-01-01 2021-09-21","web",0
"368",2017-11-01,100,"BOA trail","US","2016-01-01 2021-09-21","web",0
"369",2017-12-01,0,"BOA trail","US","2016-01-01 2021-09-21","web",0
"370",2018-01-01,0,"BOA trail","US","2016-01-01 2021-09-21","web",0
"371",2018-02-01,0,"BOA trail","US","2016-01-01 2021-09-21","web",0
"372",2018-03-01,0,"BOA trail","US","2016-01-01 2021-09-21","web",0
"373",2018-04-01,0,"BOA trail","US","2016-01-01 2021-09-21","web",0
"374",2018-05-01,48,"BOA trail","US","2016-01-01 2021-09-21","web",0
"375",2018-06-01,26,"BOA trail","US","2016-01-01 2021-09-21","web",0
"376",2018-07-01,25,"BOA trail","US","2016-01-01 2021-09-21","web",0
"377",2018-08-01,50,"BOA trail","US","2016-01-01 2021-09-21","web",0
"378",2018-09-01,25,"BOA trail","US","2016-01-01 2021-09-21","web",0
"379",2018-10-01,73,"BOA trail","US","2016-01-01 2021-09-21","web",0
"380",2018-11-01,25,"BOA trail","US","2016-01-01 2021-09-21","web",0
"381",2018-12-01,0,"BOA trail","US","2016-01-01 2021-09-21","web",0
"382",2019-01-01,48,"BOA trail","US","2016-01-01 2021-09-21","web",0
"383",2019-02-01,25,"BOA trail","US","2016-01-01 2021-09-21","web",0
"384",2019-03-01,24,"BOA trail","US","2016-01-01 2021-09-21","web",0
"385",2019-04-01,50,"BOA trail","US","2016-01-01 2021-09-21","web",0
"386",2019-05-01,0,"BOA trail","US","2016-01-01 2021-09-21","web",0
"387",2019-06-01,26,"BOA trail","US","2016-01-01 2021-09-21","web",0
"388",2019-07-01,75,"BOA trail","US","2016-01-01 2021-09-21","web",0
"389",2019-08-01,97,"BOA trail","US","2016-01-01 2021-09-21","web",0
"390",2019-09-01,70,"BOA trail","US","2016-01-01 2021-09-21","web",0
"391",2019-10-01,44,"BOA trail","US","2016-01-01 2021-09-21","web",0
"392",2019-11-01,91,"BOA trail","US","2016-01-01 2021-09-21","web",0
"393",2019-12-01,0,"BOA trail","US","2016-01-01 2021-09-21","web",0
"394",2020-01-01,0,"BOA trail","US","2016-01-01 2021-09-21","web",0
"395",2020-02-01,45,"BOA trail","US","2016-01-01 2021-09-21","web",0
"396",2020-03-01,0,"BOA trail","US","2016-01-01 2021-09-21","web",0
"397",2020-04-01,38,"BOA trail","US","2016-01-01 2021-09-21","web",0
"398",2020-05-01,57,"BOA trail","US","2016-01-01 2021-09-21","web",0
"399",2020-06-01,41,"BOA trail","US","2016-01-01 2021-09-21","web",0
"400",2020-07-01,41,"BOA trail","US","2016-01-01 2021-09-21","web",0
"401",2020-08-01,41,"BOA trail","US","2016-01-01 2021-09-21","web",0
"402",2020-09-01,20,"BOA trail","US","2016-01-01 2021-09-21","web",0
"403",2020-10-01,91,"BOA trail","US","2016-01-01 2021-09-21","web",0
"404",2020-11-01,23,"BOA trail","US","2016-01-01 2021-09-21","web",0
"405",2020-12-01,0,"BOA trail","US","2016-01-01 2021-09-21","web",0
"406",2021-01-01,22,"BOA trail","US","2016-01-01 2021-09-21","web",0
"407",2021-02-01,50,"BOA trail","US","2016-01-01 2021-09-21","web",0
"408",2021-03-01,90,"BOA trail","US","2016-01-01 2021-09-21","web",0
"409",2021-04-01,0,"BOA trail","US","2016-01-01 2021-09-21","web",0
"410",2021-05-01,23,"BOA trail","US","2016-01-01 2021-09-21","web",0
"411",2021-06-01,97,"BOA trail","US","2016-01-01 2021-09-21","web",0
"412",2021-07-01,24,"BOA trail","US","2016-01-01 2021-09-21","web",0
"413",2021-08-01,23,"BOA trail","US","2016-01-01 2021-09-21","web",0
"414",2021-09-01,0,"BOA trail","US","2016-01-01 2021-09-21","web",0
"415",2016-01-01,25,"BOA performance","US","2016-01-01 2021-09-21","web",0
"416",2016-02-01,26,"BOA performance","US","2016-01-01 2021-09-21","web",0
"417",2016-03-01,48,"BOA performance","US","2016-01-01 2021-09-21","web",0
"418",2016-04-01,0,"BOA performance","US","2016-01-01 2021-09-21","web",0
"419",2016-05-01,25,"BOA performance","US","2016-01-01 2021-09-21","web",0
"420",2016-06-01,0,"BOA performance","US","2016-01-01 2021-09-21","web",0
"421",2016-07-01,0,"BOA performance","US","2016-01-01 2021-09-21","web",0
"422",2016-08-01,27,"BOA performance","US","2016-01-01 2021-09-21","web",0
"423",2016-09-01,0,"BOA performance","US","2016-01-01 2021-09-21","web",0
"424",2016-10-01,73,"BOA performance","US","2016-01-01 2021-09-21","web",0
"425",2016-11-01,25,"BOA performance","US","2016-01-01 2021-09-21","web",0
"426",2016-12-01,0,"BOA performance","US","2016-01-01 2021-09-21","web",0
"427",2017-01-01,45,"BOA performance","US","2016-01-01 2021-09-21","web",0
"428",2017-02-01,24,"BOA performance","US","2016-01-01 2021-09-21","web",0
"429",2017-03-01,43,"BOA performance","US","2016-01-01 2021-09-21","web",0
"430",2017-04-01,23,"BOA performance","US","2016-01-01 2021-09-21","web",0
"431",2017-05-01,23,"BOA performance","US","2016-01-01 2021-09-21","web",0
"432",2017-06-01,25,"BOA performance","US","2016-01-01 2021-09-21","web",0
"433",2017-07-01,0,"BOA performance","US","2016-01-01 2021-09-21","web",0
"434",2017-08-01,0,"BOA performance","US","2016-01-01 2021-09-21","web",0
"435",2017-09-01,46,"BOA performance","US","2016-01-01 2021-09-21","web",0
"436",2017-10-01,89,"BOA performance","US","2016-01-01 2021-09-21","web",0
"437",2017-11-01,0,"BOA performance","US","2016-01-01 2021-09-21","web",0
"438",2017-12-01,0,"BOA performance","US","2016-01-01 2021-09-21","web",0
"439",2018-01-01,22,"BOA performance","US","2016-01-01 2021-09-21","web",0
"440",2018-02-01,0,"BOA performance","US","2016-01-01 2021-09-21","web",0
"441",2018-03-01,0,"BOA performance","US","2016-01-01 2021-09-21","web",0
"442",2018-04-01,0,"BOA performance","US","2016-01-01 2021-09-21","web",0
"443",2018-05-01,22,"BOA performance","US","2016-01-01 2021-09-21","web",0
"444",2018-06-01,0,"BOA performance","US","2016-01-01 2021-09-21","web",0
"445",2018-07-01,0,"BOA performance","US","2016-01-01 2021-09-21","web",0
"446",2018-08-01,0,"BOA performance","US","2016-01-01 2021-09-21","web",0
"447",2018-09-01,23,"BOA performance","US","2016-01-01 2021-09-21","web",0
"448",2018-10-01,0,"BOA performance","US","2016-01-01 2021-09-21","web",0
"449",2018-11-01,22,"BOA performance","US","2016-01-01 2021-09-21","web",0
"450",2018-12-01,0,"BOA performance","US","2016-01-01 2021-09-21","web",0
"451",2019-01-01,0,"BOA performance","US","2016-01-01 2021-09-21","web",0
"452",2019-02-01,0,"BOA performance","US","2016-01-01 2021-09-21","web",0
"453",2019-03-01,21,"BOA performance","US","2016-01-01 2021-09-21","web",0
"454",2019-04-01,23,"BOA performance","US","2016-01-01 2021-09-21","web",0
"455",2019-05-01,0,"BOA performance","US","2016-01-01 2021-09-21","web",0
"456",2019-06-01,23,"BOA performance","US","2016-01-01 2021-09-21","web",0
"457",2019-07-01,23,"BOA performance","US","2016-01-01 2021-09-21","web",0
"458",2019-08-01,66,"BOA performance","US","2016-01-01 2021-09-21","web",0
"459",2019-09-01,21,"BOA performance","US","2016-01-01 2021-09-21","web",0
"460",2019-10-01,100,"BOA performance","US","2016-01-01 2021-09-21","web",0
"461",2019-11-01,41,"BOA performance","US","2016-01-01 2021-09-21","web",0
"462",2019-12-01,0,"BOA performance","US","2016-01-01 2021-09-21","web",0
"463",2020-01-01,0,"BOA performance","US","2016-01-01 2021-09-21","web",0
"464",2020-02-01,0,"BOA performance","US","2016-01-01 2021-09-21","web",0
"465",2020-03-01,0,"BOA performance","US","2016-01-01 2021-09-21","web",0
"466",2020-04-01,0,"BOA performance","US","2016-01-01 2021-09-21","web",0
"467",2020-05-01,17,"BOA performance","US","2016-01-01 2021-09-21","web",0
"468",2020-06-01,0,"BOA performance","US","2016-01-01 2021-09-21","web",0
"469",2020-07-01,19,"BOA performance","US","2016-01-01 2021-09-21","web",0
"470",2020-08-01,0,"BOA performance","US","2016-01-01 2021-09-21","web",0
"471",2020-09-01,0,"BOA performance","US","2016-01-01 2021-09-21","web",0
"472",2020-10-01,21,"BOA performance","US","2016-01-01 2021-09-21","web",0
"473",2020-11-01,20,"BOA performance","US","2016-01-01 2021-09-21","web",0
"474",2020-12-01,0,"BOA performance","US","2016-01-01 2021-09-21","web",0
"475",2021-01-01,0,"BOA performance","US","2016-01-01 2021-09-21","web",0
"476",2021-02-01,23,"BOA performance","US","2016-01-01 2021-09-21","web",0
"477",2021-03-01,20,"BOA performance","US","2016-01-01 2021-09-21","web",0
"478",2021-04-01,22,"BOA performance","US","2016-01-01 2021-09-21","web",0
"479",2021-05-01,21,"BOA performance","US","2016-01-01 2021-09-21","web",0
"480",2021-06-01,0,"BOA performance","US","2016-01-01 2021-09-21","web",0
"481",2021-07-01,0,"BOA performance","US","2016-01-01 2021-09-21","web",0
"482",2021-08-01,0,"BOA performance","US","2016-01-01 2021-09-21","web",0
"483",2021-09-01,36,"BOA performance","US","2016-01-01 2021-09-21","web",0
"484",2016-01-01,26,"BOA wrap","US","2016-01-01 2021-09-21","web",0
"485",2016-02-01,55,"BOA wrap","US","2016-01-01 2021-09-21","web",0
"486",2016-03-01,0,"BOA wrap","US","2016-01-01 2021-09-21","web",0
"487",2016-04-01,27,"BOA wrap","US","2016-01-01 2021-09-21","web",0
"488",2016-05-01,53,"BOA wrap","US","2016-01-01 2021-09-21","web",0
"489",2016-06-01,28,"BOA wrap","US","2016-01-01 2021-09-21","web",0
"490",2016-07-01,28,"BOA wrap","US","2016-01-01 2021-09-21","web",0
"491",2016-08-01,0,"BOA wrap","US","2016-01-01 2021-09-21","web",0
"492",2016-09-01,27,"BOA wrap","US","2016-01-01 2021-09-21","web",0
"493",2016-10-01,0,"BOA wrap","US","2016-01-01 2021-09-21","web",0
"494",2016-11-01,0,"BOA wrap","US","2016-01-01 2021-09-21","web",0
"495",2016-12-01,100,"BOA wrap","US","2016-01-01 2021-09-21","web",0
"496",2017-01-01,0,"BOA wrap","US","2016-01-01 2021-09-21","web",0
"497",2017-02-01,0,"BOA wrap","US","2016-01-01 2021-09-21","web",0
"498",2017-03-01,0,"BOA wrap","US","2016-01-01 2021-09-21","web",0
"499",2017-04-01,25,"BOA wrap","US","2016-01-01 2021-09-21","web",0
"500",2017-05-01,0,"BOA wrap","US","2016-01-01 2021-09-21","web",0
"501",2017-06-01,26,"BOA wrap","US","2016-01-01 2021-09-21","web",0
"502",2017-07-01,0,"BOA wrap","US","2016-01-01 2021-09-21","web",0
"503",2017-08-01,49,"BOA wrap","US","2016-01-01 2021-09-21","web",0
"504",2017-09-01,50,"BOA wrap","US","2016-01-01 2021-09-21","web",0
"505",2017-10-01,24,"BOA wrap","US","2016-01-01 2021-09-21","web",0
"506",2017-11-01,49,"BOA wrap","US","2016-01-01 2021-09-21","web",0
"507",2017-12-01,0,"BOA wrap","US","2016-01-01 2021-09-21","web",0
"508",2018-01-01,47,"BOA wrap","US","2016-01-01 2021-09-21","web",0
"509",2018-02-01,25,"BOA wrap","US","2016-01-01 2021-09-21","web",0
"510",2018-03-01,46,"BOA wrap","US","2016-01-01 2021-09-21","web",0
"511",2018-04-01,0,"BOA wrap","US","2016-01-01 2021-09-21","web",0
"512",2018-05-01,0,"BOA wrap","US","2016-01-01 2021-09-21","web",0
"513",2018-06-01,0,"BOA wrap","US","2016-01-01 2021-09-21","web",0
"514",2018-07-01,24,"BOA wrap","US","2016-01-01 2021-09-21","web",0
"515",2018-08-01,0,"BOA wrap","US","2016-01-01 2021-09-21","web",0
"516",2018-09-01,48,"BOA wrap","US","2016-01-01 2021-09-21","web",0
"517",2018-10-01,0,"BOA wrap","US","2016-01-01 2021-09-21","web",0
"518",2018-11-01,0,"BOA wrap","US","2016-01-01 2021-09-21","web",0
"519",2018-12-01,48,"BOA wrap","US","2016-01-01 2021-09-21","web",0
"520",2019-01-01,0,"BOA wrap","US","2016-01-01 2021-09-21","web",0
"521",2019-02-01,24,"BOA wrap","US","2016-01-01 2021-09-21","web",0
"522",2019-03-01,46,"BOA wrap","US","2016-01-01 2021-09-21","web",0
"523",2019-04-01,0,"BOA wrap","US","2016-01-01 2021-09-21","web",0
"524",2019-05-01,47,"BOA wrap","US","2016-01-01 2021-09-21","web",0
"525",2019-06-01,0,"BOA wrap","US","2016-01-01 2021-09-21","web",0
"526",2019-07-01,0,"BOA wrap","US","2016-01-01 2021-09-21","web",0
"527",2019-08-01,0,"BOA wrap","US","2016-01-01 2021-09-21","web",0
"528",2019-09-01,0,"BOA wrap","US","2016-01-01 2021-09-21","web",0
"529",2019-10-01,0,"BOA wrap","US","2016-01-01 2021-09-21","web",0
"530",2019-11-01,0,"BOA wrap","US","2016-01-01 2021-09-21","web",0
"531",2019-12-01,89,"BOA wrap","US","2016-01-01 2021-09-21","web",0
"532",2020-01-01,62,"BOA wrap","US","2016-01-01 2021-09-21","web",0
"533",2020-02-01,87,"BOA wrap","US","2016-01-01 2021-09-21","web",0
"534",2020-03-01,19,"BOA wrap","US","2016-01-01 2021-09-21","web",0
"535",2020-04-01,0,"BOA wrap","US","2016-01-01 2021-09-21","web",0
"536",2020-05-01,37,"BOA wrap","US","2016-01-01 2021-09-21","web",0
"537",2020-06-01,0,"BOA wrap","US","2016-01-01 2021-09-21","web",0
"538",2020-07-01,20,"BOA wrap","US","2016-01-01 2021-09-21","web",0
"539",2020-08-01,0,"BOA wrap","US","2016-01-01 2021-09-21","web",0
"540",2020-09-01,40,"BOA wrap","US","2016-01-01 2021-09-21","web",0
"541",2020-10-01,44,"BOA wrap","US","2016-01-01 2021-09-21","web",0
"542",2020-11-01,0,"BOA wrap","US","2016-01-01 2021-09-21","web",0
"543",2020-12-01,45,"BOA wrap","US","2016-01-01 2021-09-21","web",0
"544",2021-01-01,0,"BOA wrap","US","2016-01-01 2021-09-21","web",0
"545",2021-02-01,24,"BOA wrap","US","2016-01-01 2021-09-21","web",0
"546",2021-03-01,44,"BOA wrap","US","2016-01-01 2021-09-21","web",0
"547",2021-04-01,23,"BOA wrap","US","2016-01-01 2021-09-21","web",0
"548",2021-05-01,0,"BOA wrap","US","2016-01-01 2021-09-21","web",0
"549",2021-06-01,47,"BOA wrap","US","2016-01-01 2021-09-21","web",0
"550",2021-07-01,0,"BOA wrap","US","2016-01-01 2021-09-21","web",0
"551",2021-08-01,46,"BOA wrap","US","2016-01-01 2021-09-21","web",0
"552",2021-09-01,39,"BOA wrap","US","2016-01-01 2021-09-21","web",0
